category,n_tasks,n_unique_indicators,shannon_entropy_naive,shannon_entropy_mm,mm_correction_size,effective_n_indicators,top3_concentration
I,95,290,7.949488261992807,9.470540893571755,1.5210526315789483,709.4419809926377,9.63855421686747
II,96,331,8.361883292801364,10.080633292801364,1.71875,1082.8617077407969,2.0895522388059704
III,62,215,7.726772355751944,9.452578807364848,1.725806451612904,700.6639246668764,3.619909502262444
IV,31,115,6.821247280096486,8.65995695751584,1.838709677419354,404.4890836526029,5.88235294117647
V.A,13,40,5.297079327540667,6.797079327540667,1.5,111.20511421790177,11.904761904761903
V.B,23,78,6.2784642924809,7.952377335959161,1.6739130434782608,247.68751441993268,5.063291139240507
V.C,32,104,6.658543577121685,8.267918577121685,1.609375,308.2417725432819,7.2727272727272725
VI,20,71,6.142147223664537,7.892147223664537,1.75,237.55985116856746,5.555555555555555
