phenotype,n_tasks,pct_of_intrap,ci_lower,ci_upper,rank
MGR,64,42.384105960264904,34.787216182198165,50.35888088045357,1
DISC,54,35.76158940397351,28.55720796163574,43.672451764191415,2
INNOV,31,20.52980132450331,14.856976535466293,27.664877315664306,3
PLAN,21,13.90728476821192,9.279487195064117,20.325929319241897,4
FULL,20,13.245033112582782,8.740356869912885,19.573415910710672,5
EXEC,9,5.960264900662252,3.1670756598348073,10.93861605028171,6
