category,category_name,n_tasks,pct_of_intrap,ci_lower,ci_upper,rank
II,Strategic Planning,96,63.576158940397356,55.652300167650836,70.82639637283957,1
I,Opportunity Discovery,95,62.913907284768214,54.978559063634656,70.20849374317328,2
III,Action & Execution,62,41.05960264900662,33.52971791507503,49.03309168021179,3
V.C,Managerial - Championing,32,21.192052980132452,15.430305039610637,28.383192545202423,4
IV,Innovation & Experimentation,31,20.52980132450331,14.856976535466293,27.664877315664306,5
V.B,Managerial - Resources,23,15.2317880794702,10.369261222105179,21.819442759565753,6
VI,Risk Management,20,13.245033112582782,8.740356869912885,19.573415910710672,7
V.A,Managerial - Autonomy,13,8.609271523178808,5.100238712386092,14.172027932460256,8
